order_id,customer_id,order_date,region,product_category,order_amount_usd,discount_pct,order_status
ORD-1001,CUST-001,2026-05-01,APAC,Electronics,1200,0.1,COMPLETED
ORD-1002,CUST-002,2026-05-02,,Office Supplies,150,0.0,COMPLETED
ORD-1003,CUST-003,2026-05-03,EMEA,Home & Living,450,0.05,CANCELLED
ORD-1004,CUST-001,2026-05-04,APAC,Electronics,850,0.15,COMPLETED
ORD-1005,CUST-004,2026-05-05,,Electronics,2100,0.2,COMPLETED
ORD-1006,CUST-005,2026-05-06,APAC,Home & Living,320,0.0,REFUNDED
ORD-1007,CUST-002,2026-05-07,,Office Supplies,80,0.0,COMPLETED
ORD-1008,CUST-006,2026-05-08,EMEA,Electronics,1450,0.1,COMPLETED
ORD-1009,CUST-007,2026-05-09,APAC,Office Supplies,210,0.05,COMPLETED
ORD-1010,CUST-003,2026-05-10,EMEA,Home & Living,600,0.1,COMPLETED
